<component name="ProjectRunConfigurationManager">
  <configuration default="false" name="QA - PublishedMain - With ENV Variable" type="Application" factoryName="Application">
    <envs>
      <env name="JNS_APP_SERVER_DOMAIN" value="8FBFA8FBCF58BF28A1449FA6267E0D4CB8006864F42860345142370A9AE7C42975E59C1D3F534B08E8A151AAD1E84584" />
      <env name="JNS_DOMAIN_URL" value="8FBFA8FBCF58BF28A1449FA6267E0D4CB8006864F42860345142370A9AE7C42975E59C1D3F534B08E8A151AAD1E84584" />
      <env name="JNS_ENVIRONMENT_NAME" value="QA" />
      <env name="JNS_ORACLE_ENV_MODE" value="81365BC79012769C0D7F59B18720323C" />
      <env name="JNS_ORACLE_URL" value="002F797BA6ACEF74D74D25D0FB6943C6441F6D77B19131FC8EC2501F14A73E4684980C48F1143934053846B26546DAEC43C71958CF217E237A39BA0A1079071CE5D9184EDB60EEF0ED3BCB52EE4C7F23" />
      <env name="JNS_PUSH_PULL_DOMAIN" value="8FBFA8FBCF58BF28A1449FA6267E0D4CB8006864F42860345142370A9AE7C42975E59C1D3F534B08E8A151AAD1E84584" />
      <env name="JNS_URL_SERVICE_TYPE" value="LOCALHOST" />
      <env name="PRODUCTION_CONTEXT_PATH" value="" />
    </envs>
    <option name="MAIN_CLASS_NAME" value="com.opl.jns.publishinsurance.service.boot.PublishedMain" />
    <module name="service-published-insurance" />
    <shortenClasspath name="MANIFEST" />
    <extension name="coverage">
      <pattern>
        <option name="PATTERN" value="com.opl.jns.insurance.service.published.boot.*" />
        <option name="ENABLED" value="true" />
      </pattern>
    </extension>
    <extension name="software.aws.toolkits.jetbrains.core.execution.JavaAwsConnectionExtension">
      <option name="credential" />
      <option name="region" />
      <option name="useCurrentConnection" value="false" />
    </extension>
    <method v="2">
      <option name="Make" enabled="true" />
    </method>
  </configuration>
</component>