<configuration>
	<jmxConfigurator/>
	<appender name="CONSOLE" class="ch.qos.logback.core.ConsoleAppender">
		<encoder>
			<pattern>%d{yyyy-MM-dd HH:mm:ss} [%thread] %-5level %logger{36}-[%F:%L]-%msg%n</pattern>
			<charset>utf8</charset>
		</encoder>
	</appender>

	<appender name="FILE"
		class="ch.qos.logback.core.rolling.RollingFileAppender">
		<file>${LOG_PATH}/service-oneform.log</file>
		<rollingPolicy class="ch.qos.logback.core.rolling.FixedWindowRollingPolicy">
			<fileNamePattern>${LOG_PATH}/service-oneform.%i.log</fileNamePattern>
			<minIndex>1</minIndex>
			<maxIndex>100</maxIndex>
		</rollingPolicy>
		<triggeringPolicy
			class="ch.qos.logback.core.rolling.SizeBasedTriggeringPolicy">
			<maxFileSize>5MB</maxFileSize>
		</triggeringPolicy>
		<encoder>
			<pattern>%d{yyyy-MM-dd HH:mm:ss} [%thread] %-5level	%logger{36}-[%F:%L]-%msg%n</pattern>
		</encoder>
	</appender>
	<root level="INFO">
		<appender-ref ref="FILE" />
		<appender-ref ref="CONSOLE" />
	</root>
</configuration>