<component name="ProjectRunConfigurationManager">
  <configuration default="false" name="UAT - PublishedMain - With ENV Variable" type="Application" factoryName="Application">
    <envs>
      <env name="JNS_APP_SERVER_DOMAIN" value="7B8066E4A4B387D3A9DE0E6775FD521495D78E0CDC7676CDCCBB8B13394A8C29AF4B652508BD03FF50BA6880D99F11AD" />
      <env name="JNS_DB_URL" value="9BC647A4582EB6303AC6B35316A44255A23E4CD99C8B1F396BFC7BBCC576FD4B0D6B37D71913E709B0BDEBF0EB398CCA67FD2DA7F9E5AC95581028B2257B800CBBF8C32B8C19B8F6C0D03F3FDE7C9871" />
      <env name="JNS_DB_URL_PUSH_PULL" value="9BC647A4582EB6303AC6B35316A44255A23E4CD99C8B1F396BFC7BBCC576FD4B0D6B37D71913E709B0BDEBF0EB398CCA67FD2DA7F9E5AC95581028B2257B800CBBF8C32B8C19B8F6C0D03F3FDE7C9871" />
      <env name="JNS_DB_USER_NAME" value="DB9951B3B213E0EC63667EDCBCBA78C1" />
      <env name="JNS_DB_USER_NAME_PUSH_PULL" value="DB9951B3B213E0EC63667EDCBCBA78C1" />
      <env name="JNS_DB_USER_PASS" value="EF53BB1D305785114DC6F3AD219262C8" />
      <env name="JNS_DB_USER_PASS_PUSH_PULL" value="EF53BB1D305785114DC6F3AD219262C8" />
      <env name="JNS_DOMAIN_URL" value="7B8066E4A4B387D3A9DE0E6775FD521495D78E0CDC7676CDCCBB8B13394A8C29AF4B652508BD03FF50BA6880D99F11AD" />
      <env name="JNS_ENVIRONMENT_NAME" value="UAT" />
      <env name="JNS_MONGO_DB_HOST" value="606DF5418CC59FC53B592DFD8061AAE4" />
      <env name="JNS_MONGO_DB_NAME" value="627E41BA86D1C4CA27FE6DAB0E968429" />
      <env name="JNS_MONGO_DB_PORT" value="35AA64BE3E81A2CA41397A0DF77D1187" />
      <env name="JNS_MONGO_DB_USER_NAME" value="5312D8ED1CC22A61829DAC79F219F7F7" />
      <env name="JNS_MONGO_DB_USER_PASS" value="7343859B64DAFB8E522D90E381DCFBA8" />
      <env name="JNS_MONGO_PUBLISHED_DB_NAME" value="7A3BCD91472F0112E654A4A8295543A2" />
      <env name="JNS_PUSH_PULL_DOMAIN" value="7B8066E4A4B387D3A9DE0E6775FD521495D78E0CDC7676CDCCBB8B13394A8C29AF4B652508BD03FF50BA6880D99F11AD" />
      <env name="JNS_URL_SERVICE_TYPE" value="LOCALHOST" />
    </envs>
    <option name="MAIN_CLASS_NAME" value="com.opl.jns.insurance.service.published.boot.PublishedMain" />
    <module name="service-published-insurance-jns (2) (com.opl.jns.service.published)" />
    <extension name="coverage">
      <pattern>
        <option name="PATTERN" value="com.opl.jns.insurance.service.published.boot.*" />
        <option name="ENABLED" value="true" />
      </pattern>
    </extension>
    <extension name="software.aws.toolkits.jetbrains.core.execution.JavaAwsConnectionExtension">
      <option name="credential" />
      <option name="region" />
      <option name="useCurrentConnection" value="false" />
    </extension>
    <method v="2">
      <option name="Make" enabled="true" />
    </method>
  </configuration>
</component>